{
  "n_patients": 500,
  "parameters": {
    "cl_mean": 2.1263003216444054,
    "cl_sd": 0.6308008798697314,
    "v_mean": 15.466518256379757,
    "v_sd": 3.8556191670645674
  },
  "pharmacokinetics": {
    "cmax_mean": 5.943631943673888,
    "cmax_sd": 1.315067835823528,
    "auc_mean": 115.55760709702439,
    "auc_sd": 37.119554459894964,
    "tmax_mean": 7.179,
    "tmax_sd": 7.108905124147333
  }
}