{
  "n_patients": 500,
  "parameters": {
    "cl_mean": 2.020029946325874,
    "cl_sd": 0.6076814759868797,
    "v_mean": 15.621398035359668,
    "v_sd": 4.042639130669137
  },
  "pharmacokinetics": {
    "cmax_mean": 6.1026178799832715,
    "cmax_sd": 1.415588808226275,
    "auc_mean": 122.86873894724069,
    "auc_sd": 40.801571139971266,
    "tmax_mean": 8.047,
    "tmax_sd": 7.304313588146965
  }
}